Company Name,Website
Ace,
Active Theory,
Adrenalin,
Aerolab,
Area17,www.area17.com
Array of Stars,www.arrayofstars.com
Athletics,
August,
Barrel,www.barrelny.com
Base Design,
Basement,www.basement.studio
Basic,www.basicagency.com
Big Spaceship,
Bluecadet,
BoraBora Studios,www.boraborastudios.com
Brooklyn Digital Foundry,www.brooklynfoundry.com
BUCK,
Build in Amsterdam,
Code d'Azur,
Column Five,
Deepend,www.deependgroup.com.au
DEPT,
Dogstudio,
dotcollective,
DPDK,www.dpdk.com
Engine Digital,
Feels Like,
Fictive Kin,www.fictivekin.com
Forsman & Bodenfors,
Funkhaus,
Funsize,www.funsize.co
G&A,
Gladeye,
Gold Front,
Goodness,www.goodness.inc
Grow,
HAUS,
Hellohello,www.hellohello.is
Hello Monday,www.hellomonday.com
Hook,
HUSH,www.heyhush.com
Hyperquake,
IE,
Infinium,
Instrument,
Intent,
In The Pocket,
Journey,
Jung von Matt/TECH,
Koombea,www.koombea.com
Kulfi Collective,
LG2,
LaneTerralever,
Ludwig,
makemepulse,
Mescalina,www.mescalina.mx
metajive,metajive.com
Metalab,
Monks,www.monks.com
Monogrid,
NeoPangea,
nk.studio,
Noise Digital,www.noisedigital.com
Noomo,
North Kingdom,
ntegrity,www.ntegrity.com.au
OddCommon,www.oddcommon.com
OK Cool,
Part and Sum,www.partandsum.com
Pereira & O'Dell,
Perfect Fools,
Portable,
Pound & Grain,
Raw Materials,
Ready Set Rocket,readysetrocket.com
REF,
Reflektor,
Residence,www.residence.co
Resn,
SCS,
Shift Lab,
Siberia,
Sideways,
Spring/Summer,www.springsummer.dk
Squint Opera,www.squintopera.com
Struck,
Studio Graphene,
Stupid Studio,www.stupid-studio.com
Sweden Unlimited,
Territory Studio,
The Charles,
The Electric Factory,
Tool,
ToyFight,www.toyfight.co
TUX,www.tux.co
Two Bulls/DEPT,
UltraSuperNew,www.ultrasupernew.com
UNIT9,
Upstatement,
Verbal+Visual,
VERSA,
Viget,
VOLTAGE,
We Are Royale,weareroyale.com
Wondersauce,
Your Majesty,www.yourmajesty.co
